,tempo,valence
0,150.0,0.29
1,160.0,0.59
2,75.0,0.17
3,86.0,0.23
4,174.0,0.9
5,85.0,0.26
6,80.0,0.31
7,144.0,0.39
8,130.0,0.4
9,100.0,0.39
10,112.0,0.52
11,104.0,0.64
12,128.0,0.38
13,130.0,0.37
14,125.0,0.35
15,100.0,0.32
16,124.0,0.77
17,122.0,0.84
18,140.0,0.78
19,110.0,0.76
20,128.0,0.47
21,130.0,0.77
22,140.0,0.44
23,138.0,0.36
24,94.0,0.4
25,110.0,0.8
26,110.0,0.6
27,100.0,0.32
28,120.0,0.24
29,129.0,0.33
30,135.0,0.14
31,128.0,0.27
32,127.0,0.42
33,147.0,0.43
34,120.0,0.68
35,111.0,0.37
36,148.0,0.86
37,142.0,0.68
38,136.0,0.57
39,124.0,0.85
40,125.0,0.62
41,147.0,0.07
42,140.0,0.32
43,124.0,0.09
44,166.0,0.62
45,95.0,0.61
46,114.0,0.95
47,105.0,0.83
48,129.0,0.97
49,107.0,0.93
50,96.0,0.85
51,132.0,0.74
52,76.0,0.53
53,75.0,0.19
54,130.0,0.3
55,119.0,0.49
56,109.0,0.18
57,120.0,0.04
58,148.0,0.6
59,81.0,0.14
60,93.0,0.33
61,80.0,0.67
62,93.0,0.87
63,140.0,0.89
64,82.0,0.78
65,73.0,0.26
66,120.0,0.36
67,128.0,0.28
68,125.0,0.47
69,106.0,0.25
70,120.0,0.8
71,124.0,0.2
72,106.0,0.97
73,107.0,0.89
74,130.0,0.94
75,105.0,0.3
76,76.0,0.32
77,84.0,0.55
78,80.0,0.19
79,83.0,0.17
80,82.0,0.73
81,144.0,0.4
82,154.0,0.92
83,176.0,0.46
84,98.0,0.76
85,106.0,0.85
86,122.0,0.87
87,99.0,0.76
88,159.0,0.96
89,93.0,0.68
90,128.0,0.72
91,114.0,0.4
92,128.0,0.25
93,125.0,0.57
94,128.0,0.53
95,144.0,0.6
96,116.0,0.83
97,111.0,0.69
98,138.0,0.65
99,134.0,0.46
100,108.0,0.8
101,100.0,0.27
102,200.0,0.94
103,130.0,0.46
104,130.0,0.35
105,130.0,0.81
106,108.0,0.86
107,136.0,0.52
108,177.0,0.59
109,72.0,0.84
110,136.0,0.63
111,128.0,0.93
112,121.0,0.97
113,123.0,0.35
114,93.0,0.66
115,89.0,0.49
116,124.0,0.17
117,135.0,0.56
118,190.0,0.6
119,148.0,0.81
120,125.0,0.22
121,128.0,0.14
122,176.0,0.47
123,160.0,0.61
124,210.0,0.75
125,105.0,0.3
126,91.0,0.89
127,132.0,0.2
128,106.0,0.89
129,132.0,0.22
130,143.0,0.19
131,83.0,0.66
132,77.0,0.16
133,92.0,0.69
134,100.0,0.49
135,92.0,0.79
136,172.0,0.56
137,133.0,0.68
138,136.0,0.89
139,147.0,0.85
140,160.0,0.58
141,162.0,0.48
142,117.0,0.36
143,168.0,0.65
144,122.0,0.78
145,168.0,0.59
146,150.0,0.68
147,150.0,0.32
148,154.0,0.11
149,141.0,0.48
150,123.0,0.43
151,146.0,0.35
152,128.0,0.2
153,142.0,0.59
154,132.0,0.31
155,96.0,0.86
156,120.0,0.2
157,110.0,0.58
158,115.0,0.16
159,131.0,0.52
160,112.0,0.46
161,100.0,0.77
162,115.0,0.44
163,94.0,0.96
164,110.0,0.21
165,140.0,0.31
166,109.0,0.75
167,150.0,0.8
168,100.0,0.34
169,191.0,0.62
170,130.0,0.51
171,105.0,0.33
172,110.0,0.21
173,112.0,0.56
174,124.0,0.42
175,100.0,0.38
176,68.0,0.32
177,142.0,0.97
178,111.0,0.87
179,153.0,0.19
180,124.0,0.68
181,122.0,0.86
182,127.0,0.67
183,101.0,0.26
184,128.0,0.77
185,114.0,0.5
186,176.0,0.6
187,108.0,0.39
188,100.0,0.34
189,115.0,0.36
190,98.0,0.31
191,90.0,0.22
192,149.0,0.18
193,120.0,0.12
194,95.0,0.25
195,182.0,0.82
196,159.0,0.74
197,150.0,0.79
198,118.0,0.21
199,145.0,0.89
200,122.0,0.9
201,140.0,0.44
202,121.0,0.95
203,116.0,0.35
204,120.0,0.45
205,144.0,0.5
206,121.0,0.68
207,107.0,0.97
208,96.0,0.38
209,92.0,0.43
210,127.0,0.78
211,108.0,0.93
212,174.0,0.21
213,106.0,0.47
214,172.0,0.37
215,128.0,0.58
216,136.0,0.61
217,123.0,0.64
218,108.0,0.42
219,130.0,0.19
220,120.0,0.32
221,150.0,0.4
222,150.0,0.96
223,80.0,0.2
224,135.0,0.65
225,100.0,0.5
226,107.0,0.57
227,122.0,0.13
228,116.0,0.95
229,140.0,0.29
230,120.0,0.9
231,122.0,0.91
232,85.0,0.94
233,126.0,0.23
234,114.0,0.42
235,103.0,0.95
236,80.0,0.3
237,100.0,0.27
238,103.0,0.8
239,131.0,0.17
240,113.0,0.75
241,117.0,0.88
242,121.0,0.08
243,113.0,0.54
244,143.0,0.32
245,87.0,0.44
246,107.0,0.1
247,100.0,0.56
248,181.0,0.71
249,103.0,0.81
250,134.0,0.45
251,145.0,0.28
252,112.0,0.31
253,95.0,0.87
254,141.0,0.37
255,91.0,0.77
256,106.0,0.82
257,141.0,0.82
258,102.0,0.15
259,72.0,0.6
260,120.0,0.55
261,93.0,0.27
262,160.0,0.27
263,171.0,0.8
264,121.0,0.56
265,117.0,0.7
266,129.0,0.5
267,154.0,0.11
268,120.0,0.62
269,160.0,0.43
270,122.0,0.54
271,100.0,0.55
272,85.0,0.08
273,140.0,0.19
274,100.0,0.06
275,79.0,0.24
276,107.0,0.73
277,129.0,0.4
278,164.0,0.22
279,144.0,0.06
280,160.0,0.81
281,148.0,0.76
282,113.0,0.74
283,110.0,0.24
284,135.0,0.52
285,130.0,0.25
286,82.0,0.36
287,101.0,0.77
288,82.0,0.26
289,117.0,0.67
290,166.0,0.69
291,127.0,0.13
292,93.0,0.48
293,150.0,0.6
294,141.0,0.73
295,108.0,0.52
296,122.0,0.34
297,136.0,0.12
298,120.0,0.97
299,109.0,0.55
300,73.0,0.8
301,120.0,0.14
302,152.0,0.82
303,70.0,0.71
304,103.0,0.09
305,125.0,0.19
306,99.0,0.59
307,140.0,0.28
308,122.0,0.69
309,102.0,0.46
310,90.0,0.73
311,78.0,0.53
312,99.0,0.41
313,168.0,0.82
314,96.0,0.58
315,172.0,0.37
316,108.0,0.42
317,137.0,0.63
318,143.0,0.56
319,99.0,0.95
320,120.0,0.31
321,121.0,0.96
322,118.0,0.66
323,109.0,0.73
324,85.0,0.71
325,90.0,0.74
326,128.0,0.18
327,85.0,0.19
328,88.0,0.36
329,122.0,0.36
330,117.0,0.96
331,91.0,0.41
332,110.0,0.46
333,131.0,0.16
334,118.0,0.82
335,132.0,0.58
336,160.0,0.46
337,128.0,0.97
338,163.0,0.32
339,170.0,0.63
340,95.0,0.78
341,108.0,0.63
342,141.0,0.57
343,155.0,0.64
344,92.0,0.93
345,125.0,0.44
346,125.0,0.76
347,117.0,0.4
348,195.0,0.71
349,83.0,0.44
350,86.0,0.41
351,145.0,0.45
352,96.0,0.14
353,164.0,0.48
354,170.0,0.5
355,174.0,0.85
356,162.0,0.7
357,120.0,0.26
358,110.0,0.46
359,122.0,0.37
360,132.0,0.72
361,81.0,0.54
362,111.0,0.79
363,99.0,0.84
364,120.0,0.29
365,126.0,0.51
366,100.0,0.11
367,127.0,0.5
368,100.0,0.6
369,125.0,0.29
370,120.0,0.64
371,115.0,0.21
372,84.0,0.55
373,183.0,0.11
374,146.0,0.37
375,106.0,0.66
376,123.0,0.75
377,95.0,0.96
378,142.0,0.47
379,141.0,0.12
380,122.0,0.13
381,82.0,0.9
382,87.0,0.65
383,100.0,0.22
384,118.0,0.87
385,121.0,0.45
386,109.0,0.08
387,115.0,0.37
388,120.0,0.59
389,120.0,0.4
390,168.0,0.38
391,174.0,0.68
392,85.0,0.94
393,120.0,0.94
394,111.0,0.37
395,76.0,0.19
396,126.0,0.63
397,114.0,0.4
398,138.0,0.75
399,111.0,0.85
400,94.0,0.08
401,75.0,0.72
402,128.0,0.36
403,142.0,0.96
404,120.0,0.72
405,111.0,0.94
406,106.0,0.92
407,92.0,0.27
408,105.0,0.84
409,130.0,0.84
410,112.0,0.85
411,108.0,0.17
412,219.0,0.71
413,156.0,0.48
414,196.0,0.14
415,118.0,0.33
416,135.0,0.06
417,100.0,0.32
418,119.0,0.19
419,152.0,0.51
420,186.0,0.2
421,74.0,0.26
422,114.0,0.96
423,125.0,0.57
424,160.0,0.52
425,114.0,0.47
426,94.0,0.68
427,105.0,0.29
428,122.0,0.14
429,83.0,0.21
430,100.0,0.38
431,182.0,0.55
432,88.0,0.17
433,105.0,0.33
434,166.0,0.59
435,94.0,0.6
436,115.0,0.7
437,112.0,0.46
438,120.0,0.09
439,112.0,0.3
440,152.0,0.44
441,152.0,0.77
442,122.0,0.37
443,150.0,0.34
444,78.0,0.9
445,90.0,0.14
446,120.0,0.56
447,117.0,0.14
448,112.0,0.24
449,144.0,0.67
450,126.0,0.35
451,174.0,0.45
452,137.0,0.7
453,108.0,0.72
454,127.0,0.64
455,122.0,0.72
456,85.0,0.68
457,164.0,0.96
458,156.0,0.65
459,123.0,0.79
460,125.0,0.99
461,123.0,0.53
462,92.0,0.86
463,81.0,0.75
464,95.0,0.54
465,172.0,0.89
466,95.0,0.78
467,105.0,0.72
468,105.0,0.77
469,134.0,0.68
470,126.0,0.88
471,126.0,0.58
472,117.0,0.14
473,111.0,0.62
474,65.0,0.64
475,121.0,0.12
476,125.0,0.95
477,103.0,0.71
478,100.0,0.48
479,127.0,0.24
480,142.0,0.4
481,128.0,0.26
482,174.0,0.23
483,103.0,0.82
484,125.0,0.33
485,128.0,0.29
486,98.0,0.29
487,91.0,0.05
488,128.0,0.04
489,125.0,0.96
490,126.0,0.63
491,122.0,0.79
492,123.0,0.49
493,170.0,0.41
494,100.0,0.36
495,80.0,0.68
496,105.0,0.71
497,100.0,0.97
498,130.0,0.92
499,121.0,0.69
500,125.0,0.46
501,196.0,0.15
502,82.0,0.34
503,132.0,0.56
504,103.0,0.26
505,128.0,0.17
506,75.0,0.73
507,116.0,0.14
508,110.0,0.21
509,121.0,0.9
510,101.0,0.16
511,166.0,0.23
512,83.0,0.79
513,132.0,0.3
514,112.0,0.52
515,140.0,0.24
516,119.0,0.9
517,130.0,0.65
518,130.0,0.85
519,97.0,0.75
520,81.0,0.51
521,111.0,0.23
522,109.0,0.08
523,123.0,0.55
524,137.0,0.68
525,110.0,0.38
526,144.0,0.37
527,104.0,0.62
528,158.0,0.96
529,140.0,0.16
530,126.0,0.6
531,98.0,0.58
532,198.0,0.68
533,153.0,0.4
534,165.0,0.5
535,130.0,0.05
536,167.0,0.08
537,130.0,0.35
538,140.0,0.52
539,158.0,0.55
540,172.0,0.51
541,113.0,0.27
542,83.0,0.07
543,134.0,0.92
544,88.0,0.71
545,179.0,0.22
546,89.0,0.75
547,76.0,0.49
548,130.0,0.32
549,143.0,0.62
550,114.0,0.31
551,126.0,0.73
552,91.0,0.43
553,151.0,0.81
554,132.0,0.68
555,126.0,0.96
556,140.0,0.61
557,140.0,0.89
558,133.0,0.48
559,96.0,0.18
560,120.0,0.89
561,132.0,0.22
562,118.0,0.32
563,108.0,0.68
564,129.0,0.74
565,140.0,0.14
566,92.0,0.58
567,100.0,0.57
568,92.0,0.82
569,141.0,0.78
570,100.0,0.62
571,122.0,0.31
572,126.0,0.82
573,80.0,0.66
574,130.0,0.4
575,126.0,0.18
576,146.0,0.2
577,140.0,0.33
578,140.0,0.24
579,98.0,0.76
580,126.0,0.14
581,139.0,0.29
582,94.0,0.86
583,88.0,0.56
584,160.0,0.61
585,132.0,0.32
586,130.0,0.26
587,126.0,0.47
588,88.0,0.56
589,86.0,0.5
590,78.0,0.61
591,150.0,0.5
592,136.0,0.59
593,111.0,0.62
594,127.0,0.59
595,140.0,0.67
596,125.0,0.71
597,120.0,0.82
598,140.0,0.88
599,109.0,0.64
600,128.0,0.43
601,128.0,0.54
602,127.0,0.56
603,124.0,0.72
604,131.0,0.36
605,120.0,0.83
606,120.0,0.3
607,141.0,0.85
608,119.0,0.72
609,112.0,0.4
610,136.0,0.4
611,96.0,0.36
612,135.0,0.49
613,182.0,0.56
614,90.0,0.88
615,127.0,0.64
616,118.0,0.75
617,124.0,0.42
618,140.0,0.13
619,125.0,0.82
620,112.0,0.3
621,190.0,0.39
622,129.0,0.22
623,98.0,0.7
624,116.0,0.86
625,144.0,0.76
626,170.0,0.2
627,115.0,0.34
628,132.0,0.16
629,138.0,0.56
630,134.0,0.86
631,145.0,0.3
632,120.0,0.36
633,80.0,0.52
634,176.0,0.79
635,155.0,0.17
636,130.0,0.57
637,128.0,0.41
638,126.0,0.16
639,118.0,0.96
640,127.0,0.46
641,130.0,0.07
642,116.0,0.91
643,125.0,0.44
644,121.0,0.79
645,129.0,0.23
646,132.0,0.52
647,150.0,0.51
648,126.0,0.67
649,194.0,0.38
650,112.0,0.66
651,98.0,0.61
652,92.0,0.78
653,102.0,0.53
654,112.0,0.37
655,112.0,0.42
656,154.0,0.39
657,190.0,0.1
658,150.0,0.82
659,153.0,0.67
660,124.0,0.29
661,128.0,0.85
662,91.0,0.22
663,140.0,0.5
664,98.0,0.57
665,140.0,0.82
666,128.0,0.43
667,98.0,0.49
668,98.0,0.77
669,187.0,0.68
670,132.0,0.34
671,97.0,0.46
672,124.0,0.37
673,124.0,0.64
674,150.0,0.67
675,156.0,0.67
676,100.0,0.35
677,96.0,0.65
678,142.0,0.52
679,140.0,0.51
680,170.0,0.54
681,180.0,0.23
682,86.0,0.55
683,126.0,0.11
684,88.0,0.66
685,122.0,0.61
686,140.0,0.82
687,97.0,0.69
688,120.0,0.44
689,130.0,0.57
690,130.0,0.31
691,113.0,0.83
692,187.0,0.67
693,130.0,0.42
694,109.0,0.67
695,125.0,0.36
696,136.0,0.52
697,136.0,0.32
698,125.0,0.23
699,97.0,0.42
700,125.0,0.52
701,140.0,0.66
702,116.0,0.26
703,127.0,0.73
704,85.0,0.4
705,118.0,0.56
706,138.0,0.66
707,128.0,0.4
708,123.0,0.43
709,135.0,0.27
710,132.0,0.76
711,124.0,0.46
712,170.0,0.31
713,112.0,0.66
714,124.0,0.61
715,90.0,0.4
716,124.0,0.34
717,100.0,0.29
718,208.0,0.17
719,122.0,0.53
720,115.0,0.11
721,115.0,0.82
722,137.0,0.92
723,78.0,0.62
724,120.0,0.57
725,122.0,0.78
726,91.0,0.23
727,112.0,0.31
728,120.0,0.9
729,186.0,0.1
730,120.0,0.46
731,130.0,0.29
732,95.0,0.37
733,152.0,0.07
734,127.0,0.04
735,94.0,0.67
736,94.0,0.09
737,83.0,0.34
738,123.0,0.49
739,108.0,0.66
740,112.0,0.1
741,132.0,0.5
742,115.0,0.77
743,130.0,0.56
744,113.0,0.46
745,105.0,0.3
746,124.0,0.34
747,152.0,0.3
748,140.0,0.4
749,109.0,0.2
750,111.0,0.91
751,130.0,0.51
752,188.0,0.26
753,92.0,0.81
754,120.0,0.46
755,154.0,0.67
756,124.0,0.18
757,104.0,0.59
758,98.0,0.96
759,131.0,0.31
760,145.0,0.58
761,95.0,0.44
762,100.0,0.7
763,112.0,0.36
764,123.0,0.39
765,123.0,0.53
766,136.0,0.62
767,104.0,0.72
768,148.0,0.71
769,124.0,0.59
770,119.0,0.95
771,123.0,0.71
772,125.0,0.32
773,124.0,0.82
774,103.0,0.62
775,148.0,0.7
776,145.0,0.25
777,130.0,0.58
778,101.0,0.49
779,89.0,0.5
780,168.0,0.19
781,114.0,0.28
782,94.0,0.08
783,101.0,0.37
784,108.0,0.18
785,170.0,0.36
786,116.0,0.18
787,100.0,0.3
788,122.0,0.7
789,71.0,0.06
790,114.0,0.42
791,81.0,0.44
792,140.0,0.5
793,137.0,0.3
794,127.0,0.71
795,123.0,0.17
796,142.0,0.96
797,88.0,0.59
798,128.0,0.61
799,113.0,0.26
800,98.0,0.6
801,179.0,0.31
802,146.0,0.37
803,116.0,0.62
804,83.0,0.72
805,111.0,0.96
806,67.0,0.47
807,90.0,0.57
808,167.0,0.57
809,201.0,0.48
810,103.0,0.41
811,100.0,0.04
812,140.0,0.09
813,100.0,0.04
814,130.0,0.19
815,110.0,0.48
816,124.0,0.84
817,142.0,0.06
818,146.0,0.65
819,153.0,0.81
820,124.0,0.43
821,132.0,0.52
822,119.0,0.94
823,97.0,0.87
824,79.0,0.29
825,113.0,0.36
826,200.0,0.42
827,94.0,0.67
828,166.0,0.24
829,130.0,0.92
830,94.0,0.54
831,117.0,0.68
832,141.0,0.16
833,125.0,0.67
834,92.0,0.9
835,116.0,0.51
836,150.0,0.28
837,122.0,0.3
838,128.0,0.97
839,150.0,0.77
840,106.0,0.09
841,127.0,0.81
842,141.0,0.7
843,95.0,0.59
844,115.0,0.82
845,118.0,0.21
846,118.0,0.54
847,121.0,0.72
848,121.0,0.82
849,127.0,0.86
850,123.0,0.83
851,108.0,0.74
852,124.0,0.48
853,81.0,0.6
854,80.0,0.22
855,125.0,0.78
856,130.0,0.8
857,145.0,0.38
858,113.0,0.05
859,144.0,0.86
860,91.0,0.96
861,102.0,0.93
862,117.0,0.8
863,122.0,0.83
864,116.0,0.33
865,95.0,0.69
866,184.0,0.36
867,141.0,0.42
868,122.0,0.39
869,124.0,0.61
870,114.0,0.89
871,134.0,0.05
872,113.0,0.95
873,138.0,0.63
874,138.0,0.13
875,121.0,0.71
876,130.0,0.56
877,148.0,0.35
878,108.0,0.49
879,127.0,0.64
880,124.0,0.68
881,136.0,0.55
882,105.0,0.23
883,115.0,0.72
884,114.0,0.74
885,122.0,0.7
886,82.0,0.26
887,118.0,0.85
888,90.0,0.89
889,103.0,0.31
890,115.0,0.2
891,132.0,0.66
892,125.0,0.63
893,124.0,0.65
894,124.0,0.61
895,102.0,0.64
896,122.0,0.69
897,128.0,0.49
898,124.0,0.23
899,123.0,0.81
900,143.0,0.7
901,120.0,0.58
902,80.0,0.72
903,118.0,0.45
904,139.0,0.79
905,126.0,0.91
906,122.0,0.68
907,117.0,0.96
908,95.0,0.9
909,125.0,0.72
910,110.0,0.87
911,99.0,0.68
912,111.0,0.98
913,119.0,0.86
914,146.0,0.82
915,128.0,0.54
916,100.0,0.84
917,100.0,0.39
918,97.0,0.57
919,95.0,0.48
920,103.0,0.7
921,185.0,0.34
922,102.0,0.1
923,118.0,0.47
924,124.0,0.62
925,155.0,0.3
926,112.0,0.41
927,80.0,0.22
928,108.0,0.92
929,126.0,0.58
930,146.0,0.18
931,116.0,0.36
932,140.0,0.68
933,110.0,0.56
934,101.0,0.61
935,100.0,0.43
936,192.0,0.23
937,127.0,0.2
938,104.0,0.12
939,120.0,0.29
940,124.0,0.05
941,125.0,0.62
942,186.0,0.37
943,125.0,0.47
944,120.0,0.14
945,108.0,0.64
946,129.0,0.88
947,135.0,0.6
948,125.0,0.55
949,122.0,0.2
950,143.0,0.33
951,105.0,0.19
952,121.0,0.78
953,80.0,0.87
954,150.0,0.9
955,106.0,0.31
956,111.0,0.56
957,99.0,0.26
958,130.0,0.28
959,104.0,0.47
960,114.0,0.58
961,112.0,0.74
962,93.0,0.84
963,136.0,0.81
964,132.0,0.13
965,116.0,0.86
966,130.0,0.06
967,132.0,0.43
968,130.0,0.29
969,135.0,0.77
970,170.0,0.18
971,94.0,0.57
972,100.0,0.35
973,92.0,0.33
974,80.0,0.32
975,121.0,0.44
976,105.0,0.11
977,135.0,0.33
978,170.0,0.54
979,100.0,0.54
980,120.0,0.26
981,142.0,0.4
982,157.0,0.1
983,92.0,0.36
984,115.0,0.68
985,125.0,0.78
986,104.0,0.46
987,115.0,0.78
988,95.0,0.31
989,177.0,0.64
990,97.0,0.66
991,96.0,0.67
992,174.0,0.5
993,130.0,0.82
994,126.0,0.66
995,130.0,0.66
996,143.0,0.79
997,143.0,0.56
998,113.0,0.43
999,175.0,0.62
1000,150.0,0.63
1001,140.0,0.47
1002,140.0,0.41
1003,139.0,0.38
1004,136.0,0.58
1005,130.0,0.76
1006,138.0,0.29
1007,138.0,0.71
1008,140.0,0.64
1009,140.0,0.88
1010,140.0,0.68
1011,140.0,0.36
1012,125.0,0.31
1013,144.0,0.66
1014,83.0,0.68
1015,140.0,0.85
1016,87.0,0.37
1017,140.0,0.36
1018,147.0,0.73
1019,107.0,0.82
1020,144.0,0.27
1021,92.0,0.65
1022,89.0,0.64
1023,89.0,0.46
1024,105.0,0.5
1025,150.0,0.57
1026,84.0,0.69
1027,84.0,0.8
1028,120.0,0.56
1029,82.0,0.7
1030,176.0,0.31
1031,73.0,0.7
1032,113.0,0.48
1033,115.0,0.67
1034,90.0,0.53
1035,152.0,0.44
1036,142.0,0.55
1037,152.0,0.2
1038,156.0,0.52
1039,84.0,0.29
1040,160.0,0.96
1041,81.0,0.69
1042,103.0,0.47
1043,92.0,0.44
1044,75.0,0.42
1045,146.0,0.48
1046,168.0,0.69
1047,160.0,0.51
1048,172.0,0.43
1049,156.0,0.52
1050,126.0,0.68
1051,150.0,0.54
1052,170.0,0.46
1053,148.0,0.38
1054,91.0,0.58
1055,152.0,0.95
1056,80.0,0.76
1057,160.0,0.47
1058,134.0,0.31
1059,186.0,0.63
1060,144.0,0.47
1061,90.0,0.53
1062,136.0,0.52
1063,99.0,0.62
1064,160.0,0.63
1065,79.0,0.3
1066,160.0,0.71
1067,75.0,0.64
1068,156.0,0.6
1069,170.0,0.55
1070,115.0,0.56
1071,184.0,0.59
1072,156.0,0.49
1073,102.0,0.65
1074,129.0,0.29
1075,172.0,0.93
1076,97.0,0.34
1077,132.0,0.76
1078,89.0,0.83
1079,94.0,0.73
1080,91.0,0.64
1081,105.0,0.47
1082,180.0,0.75
1083,92.0,0.75
1084,144.0,0.42
1085,102.0,0.91
1086,105.0,0.51
1087,93.0,0.92
1088,96.0,0.71
1089,176.0,0.89
1090,170.0,0.77
1091,178.0,0.85
1092,94.0,0.72
1093,90.0,0.45
1094,93.0,0.74
1095,104.0,0.93
1096,176.0,0.78
1097,100.0,0.52
1098,180.0,0.56
1099,93.0,0.64
1100,96.0,0.68
1101,89.0,0.62
1102,92.0,0.82
1103,91.0,0.65
1104,178.0,0.78
1105,92.0,0.83
1106,180.0,0.95
1107,96.0,0.56
1108,176.0,0.83
1109,124.0,0.82
1110,95.0,0.77
1111,176.0,0.79
1112,91.0,0.85
1113,104.0,0.52
1114,92.0,0.51
1115,94.0,0.58
1116,88.0,0.59
1117,88.0,0.87
1118,95.0,0.5
1119,98.0,0.66
1120,176.0,0.94
1121,198.0,0.66
1122,115.0,0.8
1123,93.0,0.48
1124,170.0,0.81
1125,172.0,0.79
1126,95.0,0.92
1127,98.0,0.84
1128,108.0,0.3
1129,162.0,0.69
1130,176.0,0.55
1131,152.0,0.56
1132,108.0,0.53
1133,150.0,0.72
1134,114.0,0.53
1135,100.0,0.38
1136,121.0,0.74
1137,88.0,0.81
1138,168.0,0.25
1139,100.0,0.76
1140,122.0,0.96
1141,132.0,0.12
1142,100.0,0.54
1143,90.0,0.64
1144,100.0,0.48
1145,103.0,0.38
1146,140.0,0.39
1147,101.0,0.54
1148,100.0,0.36
1149,121.0,0.73
1150,110.0,0.48
1151,113.0,0.61
1152,86.0,0.87
1153,140.0,0.36
1154,168.0,0.55
1155,87.0,0.12
1156,92.0,0.67
1157,102.0,0.44
1158,83.0,0.68
1159,123.0,0.47
1160,150.0,0.54
1161,98.0,0.75
1162,150.0,0.42
1163,111.0,0.16
1164,98.0,0.78
1165,135.0,0.57
1166,102.0,0.52
1167,96.0,0.1
1168,100.0,0.5
1169,104.0,0.54
1170,100.0,0.16
1171,120.0,0.61
1172,95.0,0.58
1173,150.0,0.29
1174,106.0,0.54
1175,120.0,0.21
1176,170.0,0.24
1177,114.0,0.45
1178,134.0,0.85
1179,96.0,0.37
1180,121.0,0.51
1181,80.0,0.32
1182,138.0,0.19
1183,112.0,0.37
1184,96.0,0.93
1185,127.0,0.44
1186,125.0,0.68
1187,148.0,0.45
1188,124.0,0.72
1189,90.0,0.79
1190,127.0,0.45
1191,120.0,0.82
1192,82.0,0.3
1193,93.0,0.38
1194,82.0,0.63
1195,160.0,0.47
1196,165.0,0.72
1197,136.0,0.54
1198,130.0,0.79
1199,102.0,0.77
1200,126.0,0.25
1201,152.0,0.77
1202,146.0,0.7
1203,95.0,0.56
1204,110.0,0.6
1205,120.0,0.72
1206,117.0,0.88
1207,129.0,0.44
1208,130.0,0.8
1209,105.0,0.76
1210,120.0,0.85
1211,120.0,0.75
1212,174.0,0.56
1213,122.0,0.47
1214,100.0,0.1
1215,116.0,0.86
1216,134.0,0.28
1217,94.0,0.73
1218,162.0,0.58
1219,75.0,0.73
1220,128.0,0.79
1221,85.0,0.43
1222,145.0,0.42
1223,122.0,0.29
1224,123.0,0.56
1225,120.0,0.82
1226,74.0,0.26
1227,130.0,0.74
1228,112.0,0.78
1229,98.0,0.49
1230,142.0,0.38
1231,111.0,0.26
1232,111.0,0.13
1233,85.0,0.48
1234,155.0,0.19
1235,79.0,0.42
1236,78.0,0.38
1237,147.0,0.18
1238,134.0,0.29
1239,154.0,0.6
1240,128.0,0.24
1241,138.0,0.27
1242,93.0,0.26
1243,104.0,0.64
1244,76.0,0.3
1245,154.0,0.41
1246,108.0,0.1
1247,134.0,0.31
1248,158.0,0.13
1249,156.0,0.24
1250,94.0,0.33
1251,100.0,0.51
1252,132.0,0.22
1253,85.0,0.21
1254,156.0,0.15
1255,148.0,0.33
1256,124.0,0.23
1257,127.0,0.14
1258,174.0,0.78
1259,155.0,0.73
1260,84.0,0.35
1261,114.0,0.96
1262,94.0,0.73
1263,104.0,0.44
1264,167.0,0.22
1265,116.0,0.64
1266,166.0,0.96
1267,138.0,0.49
1268,135.0,0.31
1269,190.0,0.37
1270,74.0,0.65
1271,77.0,0.29
1272,136.0,0.1
1273,128.0,0.52
1274,136.0,0.13
1275,148.0,0.6
1276,105.0,0.84
1277,122.0,0.31
1278,144.0,0.18
1279,142.0,0.54
1280,100.0,0.05
1281,126.0,0.59
1282,144.0,0.1
1283,118.0,0.11
1284,150.0,0.12
1285,162.0,0.21
1286,145.0,0.3
1287,100.0,0.42
1288,90.0,0.33
1289,148.0,0.34
1290,81.0,0.17
1291,148.0,0.31
1292,103.0,0.56
1293,140.0,0.39
1294,150.0,0.29
1295,83.0,0.55
1296,152.0,0.17
1297,125.0,0.07
1298,160.0,0.13
1299,140.0,0.06
1300,146.0,0.45
1301,129.0,0.32
1302,130.0,0.36
1303,115.0,0.23
1304,140.0,0.14
1305,140.0,0.26
1306,99.0,0.18
1307,94.0,0.15
1308,125.0,0.04
1309,170.0,0.2
1310,150.0,0.19
1311,175.0,0.12
1312,120.0,0.29
1313,118.0,0.11
1314,116.0,0.15
1315,155.0,0.19
1316,130.0,0.24
1317,128.0,0.15
1318,100.0,0.1
1319,114.0,0.13
1320,130.0,0.15
1321,140.0,0.2
1322,150.0,0.05
1323,95.0,0.11
1324,133.0,0.14
1325,161.0,0.1
1326,139.0,0.07
1327,108.0,0.32
1328,120.0,0.19
1329,113.0,0.16
1330,120.0,0.16
1331,130.0,0.05
1332,145.0,0.09
1333,160.0,0.17
1334,136.0,0.16
1335,102.0,0.45
1336,100.0,0.13
1337,112.0,0.25
1338,102.0,0.37
1339,200.0,0.11
1340,110.0,0.17
1341,129.0,0.27
1342,120.0,0.15
1343,113.0,0.25
1344,114.0,0.24
1345,140.0,0.16
1346,117.0,0.43
1347,116.0,0.37
1348,97.0,0.12
1349,135.0,0.06
1350,140.0,0.33
1351,110.0,0.57
1352,140.0,0.23
1353,128.0,0.33
1354,140.0,0.49
1355,175.0,0.22
1356,101.0,0.06
1357,146.0,0.07
1358,94.0,0.4
1359,120.0,0.53
1360,102.0,0.2
1361,80.0,0.43
1362,110.0,0.17
1363,125.0,0.28
1364,92.0,0.52
1365,80.0,0.26
1366,160.0,0.49
1367,95.0,0.93
1368,106.0,0.33
1369,144.0,0.24
1370,80.0,0.22
1371,95.0,0.57
1372,140.0,0.47
1373,120.0,0.38
1374,126.0,0.57
1375,110.0,0.4
1376,160.0,0.66
1377,120.0,0.18
1378,85.0,0.62
1379,110.0,0.29
1380,82.0,0.27
1381,143.0,0.88
1382,147.0,0.24
1383,108.0,0.73
1384,116.0,0.57
1385,138.0,0.33
1386,95.0,0.28
1387,132.0,0.08
1388,122.0,0.12
1389,105.0,0.82
1390,110.0,0.82
1391,100.0,0.72
1392,90.0,0.69
1393,121.0,0.62
1394,85.0,0.52
1395,118.0,0.38
1396,82.0,0.47
1397,100.0,0.38
1398,84.0,0.33
1399,90.0,0.58
1400,130.0,0.11
1401,182.0,0.51
1402,105.0,0.28
1403,140.0,0.4
1404,78.0,0.35
1405,146.0,0.3
1406,60.0,0.34
1407,78.0,0.16
1408,153.0,0.73
1409,100.0,0.47
1410,175.0,0.56
1411,139.0,0.41
1412,174.0,0.18
1413,128.0,0.31
1414,130.0,0.3
1415,78.0,0.25
1416,134.0,0.51
1417,79.0,0.33
1418,117.0,0.31
1419,107.0,0.39
1420,79.0,0.4
1421,137.0,0.35
1422,76.0,0.45
1423,158.0,0.3
1424,86.0,0.16
1425,86.0,0.62
1426,78.0,0.52
1427,126.0,0.7
1428,123.0,0.4
1429,126.0,0.16
1430,145.0,0.68
1431,170.0,0.34
1432,123.0,0.71
1433,122.0,0.33
1434,122.0,0.32
1435,150.0,0.28
1436,113.0,0.6
1437,155.0,0.55
1438,125.0,0.68
1439,128.0,0.03
1440,110.0,0.52
1441,128.0,0.31
1442,184.0,0.35
1443,174.0,0.62
1444,125.0,0.33
1445,75.0,0.42
1446,172.0,0.12
1447,162.0,0.48
1448,140.0,0.43
1449,156.0,0.47
1450,128.0,0.69
1451,77.0,0.45
1452,126.0,0.4
1453,128.0,0.2
1454,124.0,0.63
1455,125.0,0.3
1456,126.0,0.64
1457,119.0,0.17
1458,98.0,0.34
1459,124.0,0.11
1460,150.0,0.4
1461,140.0,0.53
1462,80.0,0.56
1463,142.0,0.22
1464,172.0,0.2
1465,126.0,0.47
1466,128.0,0.21
1467,150.0,0.58
1468,128.0,0.68
1469,128.0,0.21
1470,155.0,0.41
1471,98.0,0.19
1472,124.0,0.51
1473,124.0,0.34
1474,121.0,0.22
1475,128.0,0.38
1476,128.0,0.26
1477,81.0,0.81
1478,122.0,0.69
1479,106.0,0.41
1480,120.0,0.92
1481,147.0,0.5
1482,114.0,0.66
1483,103.0,0.44
1484,134.0,0.81
1485,102.0,0.71
1486,122.0,0.46
1487,102.0,0.78
1488,138.0,0.46
1489,100.0,0.38
1490,130.0,0.44
1491,99.0,0.67
1492,100.0,0.65
1493,155.0,0.5
1494,120.0,0.84
1495,106.0,0.46
1496,92.0,0.68
1497,180.0,0.65
1498,75.0,0.54
1499,130.0,0.04
1500,101.0,0.5
1501,141.0,0.2
1502,145.0,0.31
1503,120.0,0.53
1504,130.0,0.32
1505,114.0,0.27
1506,154.0,0.59
1507,126.0,0.31
1508,139.0,0.32
1509,176.0,0.26
1510,150.0,0.41
1511,130.0,0.45
1512,65.0,0.2
1513,116.0,0.23
1514,106.0,0.23
1515,102.0,0.16
1516,100.0,0.15
1517,109.0,0.17
1518,104.0,0.17
1519,95.0,0.07
1520,163.0,0.07
1521,77.0,0.24
1522,169.0,0.16
1523,87.0,0.26
1524,117.0,0.19
1525,120.0,0.15
1526,95.0,0.07
1527,169.0,0.23
1528,112.0,0.07
1529,88.0,0.09
1530,82.0,0.28
1531,48.0,0.16
1532,59.0,0.2
1533,121.0,0.3
1534,118.0,0.06
1535,75.0,0.19
1536,111.0,0.22
1537,111.0,0.16
1538,127.0,0.31
1539,127.0,0.18
1540,117.0,0.17
1541,117.0,0.17
1542,64.0,0.1
1543,99.0,0.1
1544,60.0,0.1
1545,98.0,0.38
1546,144.0,0.19
1547,118.0,0.06
1548,124.0,0.26
1549,64.0,0.09
1550,79.0,0.13
1551,100.0,0.11
1552,98.0,0.31
1553,160.0,0.06
1554,98.0,0.07
1555,107.0,0.13
1556,122.0,0.05
1557,116.0,0.06
1558,123.0,0.22
1559,107.0,0.19
1560,184.0,0.2
1561,65.0,0.19
1562,62.0,0.17
1563,80.0,0.07
1564,65.0,0.29
1565,77.0,0.18
1566,180.0,0.25
1567,107.0,0.15
1568,116.0,0.47
1569,109.0,0.12
1570,108.0,0.12
1571,100.0,0.19
1572,133.0,0.37
1573,95.0,0.13
1574,94.0,0.23
1575,181.0,0.3
1576,65.0,0.24
1577,94.0,0.62
1578,102.0,0.89
1579,110.0,0.88
1580,99.0,0.56
1581,108.0,0.85
1582,186.0,0.29
1583,69.0,0.93
1584,97.0,0.59
1585,93.0,0.67
1586,120.0,0.95
1587,111.0,0.44
1588,97.0,0.6
1589,159.0,0.94
1590,128.0,0.97
1591,110.0,0.55
1592,120.0,0.72
1593,78.0,0.85
1594,102.0,0.18
1595,117.0,0.09
1596,100.0,0.09
1597,104.0,0.2
1598,141.0,0.06
1599,94.0,0.2
1600,137.0,0.05
1601,134.0,0.06
1602,73.0,0.09
1603,99.0,0.12
1604,126.0,0.52
1605,126.0,0.49
1606,128.0,0.24
1607,130.0,0.28
1608,122.0,0.1
1609,128.0,0.16
1610,132.0,0.29
1611,128.0,0.31
1612,128.0,0.07
1613,136.0,0.19
1614,125.0,0.35
1615,126.0,0.25
1616,128.0,0.21
1617,127.0,0.62
1618,128.0,0.17
1619,128.0,0.11
1620,120.0,0.77
1621,128.0,0.21
1622,142.0,0.23
1623,145.0,0.58
1624,127.0,0.41
1625,126.0,0.22
1626,128.0,0.11
1627,125.0,0.13
1628,128.0,0.39
1629,128.0,0.07
1630,126.0,0.56
1631,128.0,0.06
1632,130.0,0.67
1633,128.0,0.21
1634,108.0,0.76
1635,126.0,0.48
1636,128.0,0.18
1637,130.0,0.29
1638,126.0,0.47
1639,90.0,0.16
1640,128.0,0.21
1641,128.0,0.33
1642,123.0,0.35
1643,117.0,0.46
1644,127.0,0.2
1645,126.0,0.35
1646,130.0,0.18
1647,98.0,0.27
1648,123.0,0.57
1649,128.0,0.14
1650,126.0,0.16
1651,126.0,0.36
1652,174.0,0.14
1653,115.0,0.05
1654,126.0,0.1
1655,128.0,0.24
1656,128.0,0.56
1657,130.0,0.53
1658,125.0,0.39
1659,128.0,0.36
1660,130.0,0.56
1661,124.0,0.23
1662,128.0,0.26
1663,128.0,0.33
1664,90.0,0.48
1665,126.0,0.64
1666,128.0,0.39
1667,128.0,0.18
1668,166.0,0.55
1669,164.0,0.93
1670,86.0,0.81
1671,113.0,0.81
1672,171.0,0.1
1673,98.0,0.36
1674,102.0,0.4
1675,85.0,0.88
1676,88.0,0.52
1677,92.0,0.28
1678,90.0,0.51
1679,87.0,0.4
1680,150.0,0.34
1681,167.0,0.46
1682,126.0,0.15
1683,110.0,0.25
1684,120.0,0.27
1685,185.0,0.46
1686,152.0,0.26
1687,127.0,0.32
1688,92.0,0.69
1689,110.0,0.62
1690,184.0,0.56
1691,153.0,0.36
1692,100.0,0.48
1693,100.0,0.5
1694,164.0,0.2
1695,81.0,0.46
1696,87.0,0.5
1697,150.0,0.71
1698,147.0,0.47
1699,123.0,0.48
1700,82.0,0.72
1701,103.0,0.51
1702,130.0,0.46
1703,125.0,0.5
1704,136.0,0.69
1705,138.0,0.46
1706,106.0,0.57
1707,117.0,0.49
1708,92.0,0.52
1709,125.0,0.77
1710,95.0,0.35
1711,202.0,0.77
1712,164.0,0.66
1713,160.0,0.61
1714,121.0,0.84
1715,99.0,0.85
1716,129.0,0.69
1717,92.0,0.29
1718,121.0,0.6
1719,89.0,0.73
1720,100.0,0.72
1721,99.0,0.6
1722,78.0,0.56
1723,188.0,0.57
1724,100.0,0.72
1725,117.0,0.2
1726,99.0,0.88
1727,75.0,0.45
1728,143.0,0.25
1729,90.0,0.56
1730,75.0,0.16
1731,123.0,0.49
1732,128.0,0.92
1733,115.0,0.68
1734,173.0,0.82
1735,166.0,0.46
1736,165.0,0.91
1737,168.0,0.3
1738,112.0,0.86
1739,120.0,0.88
1740,110.0,0.81
1741,98.0,0.8
1742,100.0,0.89
1743,162.0,0.35
1744,96.0,0.4
1745,104.0,0.73
1746,99.0,0.49
1747,168.0,0.67
1748,96.0,0.53
1749,110.0,0.92
1750,89.0,0.78
1751,129.0,0.86
1752,136.0,0.6
1753,96.0,0.67
1754,95.0,0.59
1755,87.0,0.46
1756,94.0,0.6
1757,128.0,0.19
1758,96.0,0.86
1759,105.0,0.64
1760,98.0,0.33
1761,133.0,0.73
1762,90.0,0.2
1763,123.0,0.36
1764,83.0,0.42
1765,91.0,0.73
1766,93.0,0.53
1767,128.0,0.29
1768,115.0,0.34
1769,124.0,0.65
1770,86.0,0.65
1771,100.0,0.59
1772,94.0,0.6
1773,132.0,0.92
1774,138.0,0.74
1775,89.0,0.68
1776,98.0,0.93
1777,128.0,0.46
1778,89.0,0.77
1779,130.0,0.25
1780,156.0,0.28
1781,112.0,0.44
1782,106.0,0.15
1783,162.0,0.69
1784,120.0,0.77
1785,125.0,0.46
1786,72.0,0.23
1787,108.0,0.35
1788,142.0,0.71
1789,88.0,0.25
1790,102.0,0.53
1791,130.0,0.4
1792,95.0,0.72
1793,115.0,0.49
1794,100.0,0.52
1795,123.0,0.55
1796,80.0,0.51
1797,79.0,0.52
1798,188.0,0.77
1799,81.0,0.24
1800,112.0,0.43
1801,178.0,0.4
1802,200.0,0.28
1803,98.0,0.51
1804,82.0,0.49
1805,136.0,0.4
1806,170.0,0.65
1807,81.0,0.25
1808,130.0,0.76
1809,128.0,0.45
1810,94.0,0.5
1811,144.0,0.35
1812,88.0,0.33
1813,123.0,0.75
1814,136.0,0.49
1815,98.0,0.56
1816,129.0,0.68
1817,108.0,0.33
1818,95.0,0.47
1819,148.0,0.3
1820,136.0,0.14
1821,134.0,0.66
1822,97.0,0.47
1823,111.0,0.72
1824,174.0,0.74
1825,160.0,0.47
1826,118.0,0.88
1827,117.0,0.86
1828,139.0,0.92
1829,115.0,0.95
1830,114.0,0.5
1831,100.0,0.27
1832,127.0,0.96
1833,80.0,0.53
1834,90.0,0.45
1835,86.0,0.66
1836,120.0,0.45
1837,139.0,0.17
1838,95.0,0.6
1839,123.0,0.44
1840,108.0,0.46
1841,93.0,0.2
1842,96.0,0.61
1843,104.0,0.81
1844,129.0,0.49
1845,170.0,0.78
1846,110.0,0.12
1847,154.0,0.26
1848,92.0,0.89
1849,130.0,0.55
1850,136.0,0.24
1851,128.0,0.41
1852,115.0,0.18
1853,88.0,0.76
1854,93.0,0.14
1855,131.0,0.26
1856,124.0,0.35
1857,92.0,0.77
1858,98.0,0.34
1859,130.0,0.38
1860,140.0,0.35
1861,151.0,0.46
1862,78.0,0.26
1863,139.0,0.58
1864,118.0,0.23
1865,139.0,0.31
1866,96.0,0.45
1867,170.0,0.4
1868,112.0,0.45
1869,149.0,0.41
1870,130.0,0.57
1871,125.0,0.39
1872,120.0,0.19
1873,121.0,0.31
1874,102.0,0.69
1875,105.0,0.67
1876,68.0,0.04
1877,102.0,0.74
1878,142.0,0.77
1879,104.0,0.83
1880,120.0,0.58
1881,153.0,0.5
1882,110.0,0.78
1883,95.0,0.5
1884,114.0,0.73
1885,100.0,0.47
1886,143.0,0.87
1887,111.0,0.93
1888,124.0,0.6
1889,168.0,0.46
1890,134.0,0.51
1891,96.0,0.64
1892,150.0,0.87
1893,103.0,0.6
1894,176.0,0.69
1895,97.0,0.9
1896,112.0,0.78
1897,156.0,0.49
1898,124.0,0.65
1899,93.0,0.37
1900,110.0,0.9
1901,117.0,0.96
1902,128.0,0.62
1903,93.0,0.89
1904,176.0,0.92
1905,102.0,0.82
1906,93.0,0.6
1907,91.0,0.67
1908,103.0,0.71
1909,110.0,0.88
1910,110.0,0.78
1911,76.0,0.76
1912,85.0,0.36
1913,136.0,0.52
1914,116.0,0.96
1915,99.0,0.45
1916,168.0,0.78
1917,104.0,0.96
1918,143.0,0.96
1919,108.0,0.62
1920,108.0,0.81
1921,90.0,0.57
1922,112.0,0.76
1923,102.0,0.46
1924,140.0,0.53
1925,156.0,0.61
1926,138.0,0.27
1927,100.0,0.77
1928,120.0,0.55
1929,142.0,0.47
1930,94.0,0.83
1931,123.0,0.56
1932,161.0,0.61
1933,126.0,0.77
1934,108.0,0.86
1935,119.0,0.77
1936,78.0,0.43
1937,169.0,0.93
1938,107.0,0.85
1939,130.0,0.85
1940,132.0,0.95
1941,122.0,0.96
1942,100.0,0.95
1943,145.0,0.68
1944,131.0,0.24
1945,118.0,0.4
1946,99.0,0.65
1947,136.0,0.49
1948,138.0,0.14
1949,77.0,0.5
1950,99.0,0.04
1951,83.0,0.81
1952,95.0,0.97
1953,133.0,0.41
1954,103.0,0.97
1955,120.0,0.96
1956,119.0,0.78
1957,115.0,0.73
1958,105.0,0.73
1959,104.0,0.57
1960,204.0,0.55
1961,98.0,0.52
1962,172.0,0.81
1963,133.0,0.26
1964,105.0,0.63
1965,104.0,0.3
1966,140.0,0.97
1967,132.0,0.89
1968,144.0,0.68
1969,96.0,0.51
1970,119.0,0.46
1971,80.0,0.71
1972,131.0,0.82
1973,172.0,0.52
1974,132.0,0.62
1975,90.0,0.55
1976,188.0,0.88
1977,130.0,0.84
1978,140.0,0.39
1979,150.0,0.38
1980,105.0,0.35
1981,77.0,0.17
1982,93.0,0.81
1983,119.0,0.96
1984,97.0,0.72
1985,128.0,0.62
1986,140.0,0.34
1987,134.0,0.49
1988,162.0,0.58
1989,96.0,0.7
1990,138.0,0.65
1991,148.0,0.82
1992,170.0,0.43
1993,145.0,0.63
1994,100.0,0.71
1995,100.0,0.13
1996,104.0,0.19
1997,160.0,0.55
1998,140.0,0.26
1999,150.0,0.26
2000,170.0,0.36
2001,131.0,0.27
2002,150.0,0.32
2003,160.0,0.31
2004,150.0,0.18
2005,150.0,0.11
2006,155.0,0.31
2007,145.0,0.49
2008,98.0,0.59
2009,150.0,0.33
2010,102.0,0.44
2011,128.0,0.33
2012,75.0,0.21
2013,110.0,0.87
2014,150.0,0.47
2015,150.0,0.62
2016,190.0,0.4
